fold,auc,aupr,acc,precision,recall,f1,mcc
1,0.9826075192923018,0.9621115164398159,0.9619718309859155,0.7215909090909091,0.9621212121212122,0.8246753246753247,0.8143045826011679
2,0.9771786184829663,0.9486917193408994,0.9887323943661972,0.9603174603174603,0.9166666666666666,0.9379844961240309,0.9320963950522838
3,0.9804626380920771,0.9126684552199101,0.9732205778717407,0.8120805369127517,0.9236641221374046,0.8642857142857143,0.8516654037406267
4,0.9723519510691764,0.9537398315900216,0.971106412966878,0.7884615384615384,0.9389312977099237,0.8571428571428571,0.8451774538193199
5,0.9857937034754161,0.9442179234117133,0.9774489076814659,0.8461538461538461,0.9236641221374046,0.8832116788321167,0.87178215497727
avg,0.9796788860823875,0.944285889200472,0.9744960247744394,0.825720858187301,0.9330094841545223,0.8734600142120087,0.8630051980381337
sd,0.004615570738219161,0.016889097686205078,0.008733446051539997,0.07867796879933046,0.016274641912465065,0.03738680798363392,0.03916324251269298
