fold,auc,aupr,acc,precision,recall,f1,mcc
1,0.9419936947110861,0.823045331487309,0.9570422535211267,0.7669172932330827,0.7727272727272727,0.7698113207547169,0.7461288345346387
2,0.9597096743835875,0.8965288457547991,0.9704225352112676,0.835820895522388,0.8484848484848485,0.8421052631578948,0.8258176812502708
3,0.9416990659523019,0.7996436534301798,0.9570119802677942,0.7611940298507462,0.7786259541984732,0.7698113207547169,0.7461651088284502
4,0.9503935327864966,0.8483029318926256,0.9640591966173362,0.8389830508474576,0.7557251908396947,0.7951807228915663,0.7768133571455701
5,0.9175774026836091,0.8024220563795751,0.9591261451726568,0.7874015748031497,0.7633587786259542,0.7751937984496124,0.7528286041986353
avg,0.9422746741034163,0.8339885637888976,0.9615324221580362,0.7980633688513648,0.7837844089752486,0.7904204852017015,0.769550717191513
sd,0.01400186123936076,0.03581050011759453,0.005134294059921258,0.03329609956755665,0.03328526066585733,0.027478367648377383,0.030311111863939647
