fold,auc,aupr,acc,precision,recall,f1,mcc
1,0.9538925748164878,0.8667561494894952,0.9471830985915493,0.6666666666666666,0.8636363636363636,0.7524752475247524,0.7310580871430007
2,0.9486930641821947,0.8896266801977424,0.9492957746478873,0.6785714285714286,0.8636363636363636,0.76,0.7387664061386628
3,0.9458655350623489,0.8385445221873702,0.9386892177589852,0.6235955056179775,0.8473282442748091,0.7184466019417476,0.6950786005512314
4,0.9553245460148878,0.8377231318807316,0.9415081042988019,0.6428571428571429,0.8244274809160306,0.7224080267558529,0.6969515416980773
5,0.9077390830211938,0.806201013380663,0.9330514446793516,0.6,0.8244274809160306,0.6945337620578778,0.6684681570548906
avg,0.9423029606194226,0.8477702994272004,0.941945527995315,0.6423381487426432,0.8446911866759195,0.7295727276560461,0.7060645585171726
sd,0.017618557479418668,0.028377756069150967,0.005854193120849073,0.028456290048684284,0.017584249060745585,0.023888059951443757,0.025734471286260684
