fold,auc,aupr,acc,precision,recall,f1,mcc
1,0.9578863165819689,0.8688068832749467,0.9464788732394366,0.6647058823529411,0.8560606060606061,0.7483443708609271,0.7261354820860564
2,0.948446028609072,0.8956810190518484,0.956338028169014,0.7160493827160493,0.8787878787878788,0.7891156462585033,0.7700387063644778
3,0.9477028116258119,0.8313151535219516,0.937984496124031,0.6214689265536724,0.8396946564885496,0.7142857142857142,0.6900709954989716
4,0.9501801716371913,0.8466727633018122,0.9499647639182522,0.689873417721519,0.8320610687022901,0.754325259515571,0.7306974914013695
5,0.9109395002607747,0.8149317262865131,0.9288231148696265,0.578125,0.8473282442748091,0.6873065015479877,0.6638660199951176
avg,0.9430309657429637,0.8514815090874144,0.9439178552640721,0.6540445218688363,0.8507864908628268,0.7386754984937406,0.7161617390691986
sd,0.01644873125842541,0.02835298159788627,0.009596255004856925,0.04912620556282912,0.016109150885064955,0.03497497974367192,0.03641170247073777
