fold,auc,aupr,acc,precision,recall,f1,mcc
1,0.9461991812535291,0.8030609725054088,0.9197183098591549,0.546875,0.7954545454545454,0.6481481481481481,0.6181182536453029
2,0.940129164313947,0.8562033380478279,0.9330985915492958,0.5968586387434555,0.8636363636363636,0.7058823529411765,0.6841153211697236
3,0.9282573135460622,0.8167261601430864,0.9288231148696265,0.5815217391304348,0.816793893129771,0.6793650793650794,0.652309258096769
4,0.9498423498174577,0.820563240759789,0.9274136715997181,0.574468085106383,0.8244274809160306,0.677115987460815,0.6509093063298541
5,0.9305627992982788,0.8039323665187912,0.9140239605355884,0.5211267605633803,0.8473282442748091,0.6453488372093024,0.6225411625157967
avg,0.9389981616458549,0.8200972155949806,0.9246155296826768,0.5641700447087308,0.8295281054823039,0.6711720810249042,0.6455986603514894
sd,0.00845282702253152,0.01932236630000037,0.00683607795338346,0.026935174017619752,0.023788241816103877,0.02237945320286412,0.02384780577987737
