fold,auc,accuracy,mcc,f1,aupr,Sensitivity,Specificity,Precision,Recall
fold1,0.9806643850958738,0.9244180978118735,0.849017499160747,0.9260785539703291,0.9811583139719889,0.9368890166762507,0.911678317570346,0.9155147224095302,0.9368890166762507
fold2,0.9816408643523491,0.9262342719321187,0.8526670249264875,0.9278824983309422,0.9820760003082759,0.9390741805635423,0.9131175468483816,0.9169544344310621,0.9390741805635423
fold3,0.9821764148575902,0.9266846831139395,0.8535040787699307,0.9281953496314428,0.9826205627624022,0.937722829212191,0.9154085648828056,0.9188595255536147,0.937722829212191
fold4,0.9824032905350766,0.9274402115479615,0.8549915804604823,0.9288806607804044,0.9828903326943104,0.9376940770557792,0.9169652822651706,0.9202313769751693,0.9376940770557792
fold5,0.9829059875255199,0.9290965623456252,0.8583826446853485,0.9306581789246333,0.9833381001149086,0.9415756181713628,0.9163484697174411,0.919991010225868,0.9415756181713628
avg,0.981958188473282,0.9267747653503037,0.8537125656005993,0.9283390483275504,0.9824166619703771,0.9385911443358251,0.914703636256829,0.9183102139190489,0.9385911443358251
sd,0.0008542077353846335,0.0017093631680074456,0.0034141539436596015,0.0016591136737056308,0.0008388202720146111,0.001843661269095099,0.002235267149262592,0.0020291992130471665,0.001843661269095099
